安,徽,省
合,肥
合,肥,市
合,肥,市,大,铺,头,营,业,所
合,肥,市,王,大,郢,营,业,所
合,肥,市,银,菱,营,业,所
合,肥,市,四,川,路,营,业,所
合,肥,市,安,庆,路,营,业,所
合,肥,市,太,湖,东,路,营,业,所
合,肥,市,华,府,骏,苑,营,业,所
合,肥,市,黄,山,路,营,业,所
合,肥,市,青,阳,北,路,营,业,所
合,肥,市,亳,州,路,营,业,所
合,肥,市,海,恒,营,业,所
合,肥,市,三,里,街,营,业,所
合,肥,市,华,源,营,业,所
合,肥,市,东,七,营,业,所
合,肥,市,金,寨,南,路,营,业,所
合,肥,市,潜,山,路,营,业,所
合,肥,市,莲,花,营,业,所
合,肥,市,郎,溪,路,营,业,所
合,肥,市,琥,珀,山,庄,营,业,所
合,肥,市,淝,河,营,业,所
合,肥,市,望,江,西,路,营,业,所
合,肥,市,晓,星,营,业,所
合,肥,市,安,农,大,营,业,所
合,肥,市,康,园,营,业,所
合,肥,市,轻,机,厂,营,业,所
合,肥,市,望,江,东,路,营,业,所
合,肥,市,包,河,苑,营,业,所
合,肥,市,化,三,院,营,业,所
合,肥,市,西,园,新,村,支,行
合,肥,市,长,淮,营,业,所
合,肥,市,站,西,路,营,业,所
合,肥,市,东,流,路,营,业,所
合,肥,市,合,作,化,北,路,营,业,所, 
合,肥,市,东,陈,岗,营,业,所
合,肥,市,花,冲,营,业,所
合,肥,市,锦,绣,营,业,所
合,肥,市,西,藏,路,营,业,所
合,肥,市,炮,院,营,业,所
合,肥,市,马,鞍,山,路,营,业,所
长,丰,县
长,丰,县,长,寿,路,营,业,所
长,丰,县,杜,集,营,业,所
长,丰,县,朱,巷,镇,营,业,所
长,丰,县,下,塘,镇,营,业,所
长,丰,县,三,十,头,镇,营,业,所
长,丰,县,岗,集,镇,营,业,所
长,丰,县,吴,山,镇,营,业,所
长,丰,县,杨,庙,镇,营,业,所
长,丰,县,庄,墓,镇,营,业,所
长,丰,县,义,井,营,业,所
长,丰,县,双,凤,营,业,所
长,丰,县,造,甲,营,业,所
肥,东,县
肥,东,县,青,春,营,业,所
肥,东,县,花,园,营,业,所
肥,东,县,西,山,驿,镇,营,业,所
肥,东,县,元,疃,镇,营,业,所
肥,东,县,阚,集,营,业,所
肥,东,县,龙,塘,营,业,所
肥,东,县,长,乐,乡,营,业,所
肥,东,县,金,泰,营,业,所
肥,东,县,长,江,大,市,场,营,业,所, 
肥,东,县,长,临,河,镇,营,业,所
肥,东,县,石,塘,镇,营,业,所
肥,东,县,八,斗,镇,营,业,所
肥,东,县,梁,园,镇,营,业,所
肥,东,县,古,城,镇,营,业,所
肥,东,县,桥,头,集,镇,营,业,所
肥,东,县,白,龙,镇,营,业,所
肥,东,县,马,岗,营,业,所
肥,东,县,六,家,畈,营,业,所
肥,东,县,店,东,营,业,所
肥,东,县,包,公,桥,营,业,所
肥,西,县
肥,西,县,巢,湖,南,路,营,业,所
肥,西,县,官,亭,镇,营,业,所
肥,西,县,花,岗,镇,营,业,所
肥,西,县,高,刘,镇,营,业,所
肥,西,县,山,南,镇,营,业,所
肥,西,县,丰,乐,镇,支,行
肥,西,县,小,庙,镇,营,业,所
肥,西,县,严,店,乡,营,业,所
肥,西,县,长,岗,乡,营,业,所
肥,西,县,南,岗,营,业,所
肥,西,县,巢,湖,北,路,营,业,所
肥,西,县,城,关,巢,湖,路,营,业,所, 
肥,西,县,普,贤,路,营,业,所
庐,江,县
庐,江,县,城,西,营,业,所
庐,江,县,邮,政,大,楼,营,业,所
庐,江,县,城,南,营,业,所
庐,江,县,泥,河,镇,营,业,所
庐,江,县,柯,坦,镇,营,业,所
庐,江,县,盛,桥,镇,营,业,所
庐,江,县,乐,桥,镇,营,业,所
庐,江,县,罗,河,镇,营,业,所
庐,江,县,白,湖,镇,营,业,所
庐,江,县,长,岗,营,业,所
庐,江,县,矾,山,镇,营,业,所
庐,江,县,缺,口,营,业,所
庐,江,县,石,头,镇,营,业,所
庐,江,县,裴,岗,营,业,所
庐,江,县,白,山,镇,营,业,所
庐,江,县,金,牛,镇,营,业,所
庐,江,县,汤,池,镇,营,业,所
庐,江,县,沙,溪,营,业,所
庐,江,县,冶,山,镇,营,业,所
庐,江,县,罗,埠,营,业,所
庐,江,县,黄,屯,营,业,所
庐,江,县,同,大,镇,营,业,所
庐,江,县,大,化,营,业,所
庐,江,县,大,厦,新,村,营,业,所
巢,湖,市
巢,湖,市,人,民,路,营,业,所
巢,湖,市,凤,凰,山,营,业,所
巢,湖,市,东,风,西,路,营,业,所
巢,湖,市,半,汤,镇,营,业,所
巢,湖,市,巢,柘,路,营,业,所
巢,湖,市,灯,塔,营,业,所
巢,湖,市,健,康,东,路,营,业,所
巢,湖,市,坝,镇,营,业,所
巢,湖,市,槐,林,镇,营,业,所
巢,湖,市,散,兵,镇,营,业,所
巢,湖,市,银,屏,镇,营,业,所
巢,湖,市,忠,庙,营,业,所
巢,湖,市,中,垾,镇,营,业,所
巢,湖,市,夏,阁,镇,营,业,所
巢,湖,市,苏,湾,镇,支,行
巢,湖,市,烔,炀,北,门,营,业,所
巢,湖,市,司,集,支,行
巢,湖,市,栏,杆,镇,营,业,所
巢,湖,市,官,圩,路,营,业,所
巢,湖,市,东,塘,路,营,业,所
巢,湖,市,大,市,场,营,业,所
芜,湖
芜,湖,市
芜,湖,市,九,华,山,营,业,所
芜,湖,市,新,芜,路,营,业,所
芜,湖,市,四,褐,山,营,业,所
芜,湖,市,裕,溪,口,营,业,所
芜,湖,市,融,汇,锦,江,营,业,所
芜,湖,市,绿,地,营,业,所
芜,湖,市,团,结,东,路,营,业,所
芜,湖,市,中,央,城,营,业,所
芜,湖,市,南,瑞,营,业,所
芜,湖,市,伟,星,城,营,业,所
芜,湖,市,绿,影,营,业,所
芜,湖,市,康,复,路,营,业,所
芜,湖,市,弋,江,嘉,园,营,业,所
芜,湖,市,解,放,东,路,营,业,所
芜,湖,市,西,洋,里,营,业,所
芜,湖,市,枣,园,营,业,所
芜,湖,市,利,民,路,营,业,所
芜,湖,市,左,岸,营,业,所
芜,湖,市,月,牙,路,营,业,所
芜,湖,市,王,家,巷,营,业,所
芜,湖,市,北,京,路,营,业,所
芜,湖,市,弋,江,桥,营,业,所
芜,湖,市,方,村,营,业,所
芜,湖,市,保,定,营,业,所
芜,湖,市,新,淮,营,业,所
芜,湖,市,峨,桥,营,业,所
芜,湖,市,中,沟,营,业,所
芜,湖,市,小,洲,营,业,所
芜,湖,市,清,水,营,业,所
芜,湖,市,火,龙,岗,营,业,所
芜,湖,市,荆,山,营,业,所
芜,湖,市,白,马,山,营,业,所
芜,湖,市,鲁,港,营,业,所
芜,湖,市,开,发,区,营,业,所
芜,湖,市,开,发,区,营,业,所
芜,湖,市,万,春,营,业,所
芜,湖,市,方,村,营,业,所
芜,湖,市,沈,巷,镇,营,业,所
芜,湖,市,五,显,营,业,所
芜,湖,县
芜,湖,县,殷,港,营,业,所
芜,湖,县,沚,津,路,营,业,所
芜,湖,县,开,发,区,营,业,所
芜,湖,县,三,元,营,业,所
芜,湖,县,红,杨,营,业,所
芜,湖,县,西,河,营,业,所
芜,湖,县,陶,辛,镇,营,业,所
繁,昌,县
繁,昌,县,西,门,桥,营,业,所
繁,昌,县,城,南,营,业,所
繁,昌,县,荻,港,镇,营,业,所
繁,昌,县,新,港,营,业,所
繁,昌,县,赤,沙,营,业,所
繁,昌,县,横,山,镇,营,业,所
繁,昌,县,高,安,营,业,所
繁,昌,县,黄,浒,营,业,所
繁,昌,县,马,坝,营,业,所
繁,昌,县,平,甫,营,业,所
繁,昌,县,春,谷,营,业,所
南,陵,县
南,陵,县,籍,山,路,营,业,所
南,陵,县,东,门,营,业,所
南,陵,县,文,庙,路,营,业,所
南,陵,县,弋,江,镇,营,业,所
南,陵,县,何,湾,镇,营,业,所
南,陵,县,峨,岭,营,业,所
南,陵,县,三,里,营,业,所
南,陵,县,代,镇,营,业,所
南,陵,县,烟,墩,营,业,所
南,陵,县,奚,滩,营,业,所
南,陵,县,蒲,桥,营,业,所
南,陵,县,工,山,镇,营,业,所
南,陵,县,家,发,镇,营,业,所
南,陵,县,葛,林,营,业,所
无,为,县
无,为,县,十,字,街,营,业,所
无,为,县,北,门,营,业,所
无,为,县,汤,沟,镇,营,业,所
无,为,县,石,涧,镇,营,业,所
无,为,县,蜀,山,镇,营,业,所
无,为,县,江,坝,营,业,所
无,为,县,无,中,营,业,所
无,为,县,牛,埠,镇,营,业,所
无,为,县,开,城,镇,营,业,所
无,为,县,泉,塘,镇,营,业,所
无,为,县,土,桥,营,业,所
无,为,县,襄,安,镇,营,业,所
芜,湖,市,二,坝,镇,营,业,所
无,为,县,陡,沟,镇,营,业,所
无,为,县,凤,河,路,营,业,所
无,为,县,姚,沟,镇,营,业,所
无,为,县,严,桥,镇,营,业,所
无,为,县,江,坝,镇,西,营,业,所
无,为,县,黄,雒,营,业,所
无,为,县,泥,汊,镇,营,业,所
蚌,埠
蚌,埠,市
蚌,埠,市,胜,利,东,路,营,业,所
蚌,埠,市,南,岗,营,业,所
蚌,埠,市,东,岗,邮,政,储,蓄,营,业,所, 
蚌,埠,市,荆,山,路,营,业,所
蚌,埠,市,爱,国,营,业,所
蚌,埠,市,天,桥,营,业,所
蚌,埠,市,解,放,路,邮,政,储,蓄,营,业,所, 
蚌,埠,市,延,安,路,邮,政,储,蓄,营,业,所, 
蚌,埠,市,雪,华,路,邮,政,储,蓄,营,业,所, 
蚌,埠,市,前,进,路,营,业,所
蚌,埠,市,李,楼,营,业,所
蚌,埠,市,迎,湖,路,营,业,所
蚌,埠,市,大,庆,营,业,所
蚌,埠,市,秦,集,营,业,所
蚌,埠,市,陶,山,路,营,业,所
蚌,埠,市,长,征,路,营,业,所
蚌,埠,市,张,公,山,营,业,所
蚌,埠,市,淮,光,营,业,所
蚌,埠,市,光,彩,营,业,所
蚌,埠,市,梅,桥,乡,营,业,所
蚌,埠,市,曹,老,集,营,业,所
怀,远,县
怀,远,县,南,大,街,营,业,所
怀,远,县,马,城,营,业,所
怀,远,县,姚,山,营,业,所
怀,远,县,双,桥,营,业,所
怀,远,县,唐,集,营,业,所
怀,远,县,项,桥,营,业,所
怀,远,县,河,溜,营,业,所
怀,远,县,常,坟,营,业,所
怀,远,县,包,集,营,业,所
怀,远,县,万,福,镇,营,业,所
怀,远,县,新,集,营,业,所
怀,远,县,龙,亢,营,业,所
怀,远,县,刘,集,营,业,所
怀,远,县,褚,集,营,业,所
怀,远,县,淝,南,营,业,所
怀,远,县,孝,仪,营,业,所
怀,远,县,找,郢,营,业,所
怀,远,县,城,西,营,业,所
怀,远,县,朱,疃,营,业,所
怀,远,古,城,营,业,所
怀,远,县,文,昌,街,营,业,所
怀,远,县,新,城,区,营,业,所
五,河,县
五,河,县,淮,河,路,营,业,所
五,河,县,沫,河,口,镇,营,业,所
五,河,县,三,铺,营,业,所
五,河,县,大,新,镇,营,业,所
五,河,县,浍,南,营,业,所
五,河,县,新,集,镇,营,业,所
五,河,县,头,铺,营,业,所
五,河,县,东,刘,集,镇,营,业,所
五,河,县,申,集,镇,营,业,所
五,河,县,双,庙,营,业,所
五,河,县,武,桥,营,业,所
五,河,县,中,兴,路,营,业,所
五,河,县,青,年,路,营,业,所
五,河,县,国,防,路,营,业,所
五,河,县,小,溪,营,业,所
五,河,县,朱,顶,镇,营,业,所
固,镇,县
固,镇,县,胜,利,路,营,业,所
固,镇,县,垓,下,路,营,业,所
固,镇,县,任,桥,营,业,所
固,镇,县,刘,集,镇,营,业,所
固,镇,县,湖,沟,镇,营,业,所
固,镇,县,王,庄,营,业,所
固,镇,县,连,站,营,业,所
固,镇,县,濠,城,镇,营,业,所
固,镇,县,石,湖,营,业,所
固,镇,县,杨,庙,营,业,所
固,镇,县,新,马,桥,干,校,营,业,所, 
固,镇,县,宋,店,营,业,所
固,镇,县,董,庙,营,业,所
固,镇,县,何,集,营,业,所
固,镇,县,磨,盘,张,营,业,所
固,镇,县,瓦,疃,营,业,所
固,镇,县,仲,兴,营,业,所
固,镇,县,城,东,营,业,所
固,镇,县,唐,南,营,业,所
固,镇,县,大,营,路,营,业,所
固,镇,县,黄,元,路,营,业,所
固,镇,县,东,郊,营,业,所
淮,南
淮,南,市
淮,南,市,舜,耕,营,业,所
淮,南,市,龙,湖,路,营,业,所
淮,南,市,朝,阳,东,路,营,业,所
淮,南,市,东,苑,营,业,所
淮,南,市,朝,阳,路,营,业,所
淮,南,市,田,电,厂,路,营,业,所
淮,南,市,淮,河,新,城,营,业,所
淮,南,市,洞,山,中,路,营,业,所
淮,南,市,领,城,营,业,所
淮,南,市,东,风,营,业,所
淮,南,市,居,仁,新,村,营,业,所
淮,南,市,淮,舜,南,路,营,业,所
淮,南,市,纺,织,厂,营,业,所
淮,南,市,洛,河,镇,营,业,所
淮,南,市,大,通,营,业,所
淮,南,市,龙,眼,营,业,所
淮,南,市,南,门,口,营,业,所
淮,南,市,泉,山,营,业,所
淮,南,市,南,苑,营,业,所
淮,南,市,会,战,路,营,业,所
淮,南,市,淮,望,村,营,业,所
淮,南,市,十,涧,湖,营,业,所
淮,南,市,矿,机,路,营,业,所
淮,南,市,芳,草,园,营,业,所
淮,南,市,李,郢,孜,营,业,所
淮,南,市,毕,家,岗,营,业,所
淮,南,市,山,王,营,业,所
淮,南,市,丁,山,营,业,所
淮,南,市,白,云,营,业,所
淮,南,市,高,皇,营,业,所
淮,南,市,潘,三,营,业,所
淮,南,市,新,街,营,业,所
淮,南,市,曹,庵,营,业,所
淮,南,市,朱,集,营,业,所
淮,南,市,杨,公,镇,营,业,所
淮,南,市,三,和,营,业,所
淮,南,市,洞,山,新,村,营,业,所
淮,南,市,新,社,营,业,所
凤,台,县
凤,台,县,大,山,营,业,所
凤,台,县,顾,桥,营,业,所
凤,台,县,桂,集,营,业,所
凤,台,县,马,店,营,业,所
淮,南,市,毛,集,营,业,所
凤,台,县,大,兴,营,业,所
淮,南,市,夏,集,营,业,所
凤,台,县,丁,集,营,业,所
凤,台,县,钱,庙,营,业,所
凤,台,县,尚,塘,营,业,所
凤,台,县,淮,滨,路,营,业,所
凤,台,县,中,山,路,营,业,所
凤,台,县,古,店,营,业,所
凤,台,县,政,务,区,营,业,所
凤,台,县,新,集,镇,营,业,所
凤,台,县,杨,村,营,业,所
寿,县
寿,县,南,郊,营,业,所
寿,县,南,关,营,业,所
寿,县,小,甸,镇,营,业,所
寿,县,炎,刘,镇,营,业,所
寿,县,保,义,营,业,所
寿,县,双,庙,集,镇,营,业,所
寿,县,大,顺,镇,营,业,所
寿,县,北,街,营,业,所
寿,县,棋,盘,街,营,业,所
寿,县,瓦,埠,镇,营,业,所
寿,县,双,桥,营,业,所
寿,县,刘,岗,镇,营,业,所
寿,县,正,阳,营,业,所
寿,县,建,设,营,业,所
寿,县,板,桥,营,业,所
寿,县,堰,口,营,业,所
寿,县,戈,店,营,业,所
寿,县,安,丰,营,业,所
寿,县,隐,贤,营,业,所
寿,县,安,丰,镇,商,品,街,营,业,所, 
寿,县,杨,仙,营,业,所
寿,县,闫,店,营,业,所
寿,县,三,觉,营,业,所
寿,县,茶,庵,镇,营,业,所
寿,县,迎,河,营,业,所
寿,县,箭,道,巷,营,业,所
马,鞍,山
马,鞍,山
马,鞍,山,市,金,汇,营,业,所
马,鞍,山,市,军,民,路,营,业,所
马,鞍,山,市,健,康,路,营,业,所
马,鞍,山,市,西,湖,花,园,营,业,所, 
马,鞍,山,市,邮,政,大,厦,营,业,所, 
马,鞍,山,市,火,车,站,营,业,所
马,鞍,山,市,东,苑,营,业,所
马,鞍,山,市,西,园,路,营,业,所
马,鞍,山,市,秀,山,营,业,所
马,鞍,山,市,采,秣,路,营,业,所
马,鞍,山,市,菊,园,路,营,业,所
马,鞍,山,市,湖,南,路,营,业,所
马,鞍,山,市,康,乐,路,营,业,所
马,鞍,山,市,大,钟,楼,营,业,所
马,鞍,山,市,红,旗,南,路,营,业,所, 
马,鞍,山,市,塘,岔,营,业,所
马,鞍,山,市,杨,家,山,营,业,所
马,鞍,山,市,向,山,营,业,所
马,鞍,山,市,采,石,营,业,所
马,鞍,山,市,银,塘,营,业,所
马,鞍,山,市,商,业,街,营,业,所
当,涂,县
当,涂,县,亭,头,营,业,所
当,涂,县,查,湾,营,业,所
马,鞍,山,市,新,博,营,业,所
当,涂,县,黄,池,镇,营,业,所
当,涂,县,石,桥,镇,营,业,所
当,涂,县,太,白,镇,营,业,所
当,涂,县,南,寺,东,路,营,业,所
当,涂,县,西,街,营,业,所
马,鞍,山,市,新,市,镇,营,业,所
当,涂,县,年,陡,营,业,所
当,涂,县,湖,阳,乡,营,业,所
当,涂,县,振,兴,路,营,业,所
马,鞍,山,市,博,望,新,街,营,业,所, 
马,鞍,山,市,丹,阳,镇,营,业,所
当,涂,县,乌,溪,镇,营,业,所
当,涂,县,塘,南,镇,营,业,所
当,涂,县,大,陇,乡,营,业,所
含,山,县
含,山,县,南,门,营,业,所
含,山,县,林,头,镇,营,业,所
含,山,县,东,关,营,业,所
含,山,县,运,漕,镇,营,业,所
含,山,县,清,溪,镇,营,业,所
含,山,县,仙,踪,镇,营,业,所
含,山,县,铜,闸,镇,营,业,所
含,山,县,杨,山,营,业,所
含,山,县,东,门,营,业,所
含,山,县,东,关,街,营,业,所
含,山,县,昭,关,镇,营,业,所
和,县
和,县,富,康,路,营,业,所
和,县,南,门,营,业,所
和,县,西,梁,山,营,业,所
和,县,新,桥,镇,营,业,所
和,县,西,埠,镇,营,业,所
和,县,石,杨,镇,营,业,所
和,县,乌,江,镇,营,业,所
和,县,善,厚,镇,营,业,所
和,县,香,泉,镇,营,业,所
和,县,白,桥,镇,营,业,所
和,县,南,义,营,业,所
淮,北
淮,北,市
淮,北,市,翠,峰,路,营,业,所
淮,北,市,海,宫,营,业,所
淮,北,市,惠,黎,东,路,营,业,所
淮,北,市,古,城,东,路,营,业,所
淮,北,市,钟,楼,营,业,所
淮,北,市,相,山,南,路,营,业,所
淮,北,市,南,黎,路,营,业,所
淮,北,市,洪,山,路,营,业,所
淮,北,市,石,台,营,业,所
淮,北,市,杨,庄,营,业,所
淮,北,市,濉,溪,路,营,业,所
淮,北,市,渠,沟,营,业,所
淮,北,市,高,岳,镇,营,业,所
淮,北,市,岱,河,营,业,所
淮,北,市,东,黎,营,业,所
淮,北,市,矿,山,集,镇,营,业,所
淮,北,市,朱,庄,营,业,所
淮,北,市,朔,西,营,业,所
淮,北,市,朔,里,营,业,所
淮,北,市,袁,庄,营,业,所
淮,北,市,段,园,镇,营,业,所
淮,北,市,纵,楼,营,业,所
淮,北,市,土,楼,营,业,所
淮,北,市,蔡,里,营,业,所
淮,北,市,烈,山,营,业,所
淮,北,市,赵,集,营,业,所
淮,北,市,古,饶,镇,营,业,所
濉,溪,县
濉,溪,县,龙,河,营,业,所
濉,溪,县,虎,山,路,营,业,所
濉,溪,县,刘,桥,镇,营,业,所
濉,溪,县,百,善,镇,营,业,所
濉,溪,县,临,涣,镇,营,业,所
淮,北,市,古,饶,镇,支,行
濉,溪,县,百,善,矿,营,业,所
濉,溪,县,祁,集,营,业,所
濉,溪,县,韩,村,镇,营,业,所
濉,溪,县,四,铺,营,业,所
濉,溪,县,孙,町,镇,营,业,所
濉,溪,县,南,坪,镇,营,业,所
濉,溪,县,烈,山,路,营,业,所
濉,溪,县,铁,佛,镇,营,业,所
濉,溪,县,双,堆,镇,营,业,所
濉,溪,县,溪,河,路,营,业,所
濉,溪,县,杨,柳,营,业,所
濉,溪,县,任,集,营,业,所
濉,溪,县,五,沟,镇,营,业,所
濉,溪,县,岳,集,营,业,所
铜,陵
铜,陵,市
铜,陵,市,义,安,路,营,业,所
铜,陵,市,长,江,东,村,营,业,所
铜,陵,市,解,放,路,营,业,所
铜,陵,市,横,港,营,业,所
铜,陵,市,幸,福,村,营,业,所
铜,陵,市,凤,凰,山,营,业,所
铜,陵,市,泰,山,大,道,营,业,所
铜,陵,市,杨,家,山,营,业,所
铜,陵,市,火,车,站,营,业,所
铜,陵,市,西,郊,营,业,所
铜,陵,市,立,新,营,业,所
铜,陵,市,发,电,厂,营,业,所
铜,陵,市,机,厂,营,业,所
铜,陵,市,大,市,场,营,业,所
铜,陵,市,翠,湖,路,营,业,所
铜,陵,市,爱,西,营,业,所
铜,陵,市,淮,河,北,路,营,业,所
铜,陵,市,朝,山,营,业,所
铜,陵,市,普,济,圩,营,业,所
铜,陵,市,铜,庄,营,业,所
铜,陵,市,富,览,苑,营,业,所
铜,陵,市,西,联,营,业,所
铜,陵,市,胥,坝,营,业,所
铜,陵,市,大,通,镇,营,业,所
铜,陵,市,钟,仓,营,业,所
铜,陵,市,七,零,一,营,业,所
铜,陵,市,朱,村,营,业,所
铜,陵,市,钟,鸣,营,业,所
铜,陵,市,新,桥,营,业,所
铜,陵,市,天,门,营,业,所
铜,陵,市,二,冶,营,业,所
铜,陵,市,东,联,营,业,所
铜,陵,市,城,南,营,业,所
铜,陵,市,金,榔,营,业,所
枞,阳,县
枞,阳,县,正,大,街,营,业,所
枞,阳,县,城,关,第,三,营,业,所
枞,阳,县,下,枞,阳,营,业,所
枞,阳,县,左,岗,营,业,所
枞,阳,县,周,潭,镇,营,业,所
枞,阳,县,汤,沟,镇,营,业,所
枞,阳,县,老,洲,镇,营,业,所
枞,阳,县,其,林,镇,营,业,所
枞,阳,县,义,津,镇,营,业,所
枞,阳,县,钱,桥,镇,营,业,所
枞,阳,县,会,宫,乡,营,业,所
枞,阳,县,官,桥,镇,营,业,所
枞,阳,县,项,铺,镇,营,业,所
枞,阳,县,O,U,山,镇,营,业,所
枞,阳,县,石,矶,营,业,所
枞,阳,县,桂,坝,营,业,所
枞,阳,县,白,湖,乡,营,业,所
枞,阳,县,陈,瑶,湖,镇,营,业,所
枞,阳,县,雨,坛,营,业,所
枞,阳,县,浮,山,镇,营,业,所
枞,阳,县,孙,畈,营,业,所
枞,阳,县,方,仓,营,业,所
枞,阳,县,金,山,路,营,业,所
安,庆
安,庆,市
安,庆,市,纺,织,南,路,营,业,所
安,庆,市,玉,琳,路,营,业,所
安,庆,市,市,府,路,营,业,所
安,庆,市,雷,池,路,营,业,所
安,庆,市,长,风,营,业,所
安,庆,市,孝,肃,路,营,业,所
安,庆,市,四,方,城,营,业,所
安,庆,市,白,泽,乡,营,业,所
安,庆,市,人,民,东,路,营,业,所
安,庆,市,柏,子,桥,营,业,所
安,庆,市,皖,江,大,道,营,业,所
安,庆,市,杨,桥,镇,营,业,所
安,庆,市,双,河,营,业,所
安,庆,市,华,中,东,路,营,业,所
安,庆,市,十,里,营,业,所
安,庆,市,回,祥,小,区,营,业,所
安,庆,市,湖,心,路,营,业,所
安,庆,市,七,街,营,业,所
安,庆,市,大,龙,山,营,业,所
安,庆,市,海,口,镇,营,业,所
安,庆,市,光,彩,营,业,所
怀,宁,县
怀,宁,县,黄,龙,镇,营,业,所
怀,宁,县,新,安,营,业,所
怀,宁,县,黄,墩,营,业,所
怀,宁,县,三,桥,镇,营,业,所
怀,宁,县,江,镇,营,业,所
怀,宁,县,金,拱,镇,营,业,所
怀,宁,县,马,庙,镇,营,业,所
怀,宁,县,洪,铺,镇,营,业,所
怀,宁,县,月,山,镇,营,业,所
怀,宁,县,电,信,大,楼,营,业,所
怀,宁,县,小,市,镇,营,业,所
怀,宁,县,茶,岭,营,业,所
怀,宁,县,清,河,营,业,所
怀,宁,县,大,洼,营,业,所
怀,宁,县,石,镜,营,业,所
怀,宁,县,三,祝,营,业,所
怀,宁,县,平,山,镇,营,业,所
怀,宁,县,腊,树,镇,营,业,所
怀,宁,县,高,河,镇,营,业,所
怀,宁,县,稼,仙,路,营,业,所
怀,宁,县,独,秀,大,道,营,业,所
怀,宁,县,雷,埠,乡,营,业,所
潜,山,县
潜,山,县,潜,阳,营,业,所
潜,山,县,油,坝,乡,营,业,所
潜,山,县,黄,铺,镇,营,业,所
潜,山,县,王,河,镇,营,业,所
潜,山,县,舒,州,路,营,业,所
潜,山,县,痘,姆,营,业,所
潜,山,县,水,吼,镇,营,业,所
潜,山,县,天,柱,山,营,业,所
潜,山,县,余,井,镇,营,业,所
潜,山,县,黄,泥,镇,营,业,所
潜,山,县,槎,水,镇,营,业,所
潜,山,县,城,西,营,业,所
潜,山,县,塔,畈,乡,营,业,所
潜,山,县,黄,柏,镇,营,业,所
潜,山,县,双,峰,营,业,所
潜,山,县,棋,盘,营,业,所
潜,山,县,舒,苑,营,业,所
潜,山,县,官,庄,营,业,所
太,湖,县
太,湖,县,江,塘,乡,营,业,所
太,湖,县,寺,前,镇,营,业,所
太,湖,县,黄,镇,营,业,所
太,湖,县,弥,陀,镇,营,业,所
太,湖,县,北,中,镇,营,业,所
太,湖,县,牛,镇,镇,营,业,所
太,湖,县,刘,羊,营,业,所
太,湖,县,刘,畈,营,业,所
太,湖,县,百,里,镇,营,业,所
太,湖,县,富,强,路,营,业,所
太,湖,县,老,城,营,业,所
太,湖,县,东,山,头,营,业,所
太,湖,县,徐,桥,镇,营,业,所
太,湖,县,小,池,镇,营,业,所
太,湖,县,大,石,营,业,所
宿,松,县
宿,松,县,破,凉,镇,营,业,所
宿,松,县,凉,亭,镇,营,业,所
宿,松,县,二,郎,镇,营,业,所
宿,松,县,陈,汉,营,业,所
宿,松,县,佐,坝,乡,营,业,所
宿,松,县,汇,口,镇,营,业,所
宿,松,县,工,贸,区,营,业,所
宿,松,县,皖,蜀,春,营,业,所
宿,松,县,坝,头,营,业,所
宿,松,县,下,仓,镇,营,业,所
宿,松,县,皖,西,南,营,业,所
宿,松,县,套,口,营,业,所
宿,松,县,长,铺,镇,营,业,所
宿,松,县,九,姑,乡,营,业,所
宿,松,县,程,营,营,业,所
宿,松,县,许,岭,镇,营,业,所
宿,松,县,洲,头,乡,营,业,所
宿,松,县,高,岭,营,业,所
宿,松,县,河,塌,营,业,所
望,江,县
望,江,县,青,草,湖,营,业,所
望,江,县,漳,湖,镇,营,业,所
望,江,县,赛,口,镇,营,业,所
望,江,县,高,士,镇,营,业,所
望,江,县,凉,泉,乡,营,业,所
望,江,县,鸦,滩,镇,营,业,所
望,江,县,回,龙,营,业,所
望,江,县,华,阳,镇,营,业,所
望,江,县,九,成,营,业,所
望,江,县,长,岭,镇,营,业,所
望,江,县,太,慈,镇,营,业,所
望,江,县,城,西,营,业,所
望,江,县,雷,池,乡,营,业,所
望,江,县,莲,洲,乡,营,业,所
望,江,县,城,东,营,业,所
望,江,县,新,坝,营,业,所
望,江,县,杨,林,营,业,所
望,江,县,沈,冲,营,业,所
望,江,县,曾,墩,营,业,所
望,江,县,麦,元,营,业,所
岳,西,县
岳,西,县,城,西,营,业,所
岳,西,县,店,前,镇,营,业,所
岳,西,县,来,榜,镇,营,业,所
岳,西,县,响,肠,镇,营,业,所
岳,西,县,中,关,营,业,所
岳,西,县,河,图,镇,营,业,所
岳,西,县,冶,溪,镇,营,业,所
岳,西,县,菖,蒲,镇,营,业,所
岳,西,县,头,陀,镇,营,业,所
岳,西,县,南,园,营,业,所
桐,城,市
桐,城,市,大,关,镇,营,业,所
桐,城,市,龙,眠,西,路,营,业,所
桐,城,市,范,岗,镇,营,业,所
桐,城,市,高,桥,营,业,所
桐,城,市,挂,镇,街,营,业,所
桐,城,市,金,神,镇,营,业,所
桐,城,市,孔,城,镇,营,业,所
桐,城,市,老,梅,营,业,所
桐,城,市,吕,亭,镇,营,业,所
桐,城,市,南,演,营,业,所
桐,城,市,青,草,镇,营,业,所
桐,城,市,卅,铺,营,业,所
桐,城,市,双,港,镇,营,业,所
桐,城,市,太,平,营,业,所
桐,城,市,陶,冲,营,业,所
桐,城,市,文,昌,营,业,所
桐,城,市,嬉,子,湖,镇,营,业,所
桐,城,市,香,铺,营,业,所
桐,城,市,兴,店,营,业,所
黄,山
黄,山,市
黄,山,市,水,心,亭,营,业,所
黄,山,市,阳,湖,营,业,所
黄,山,市,隆,阜,营,业,所
黄,山,市,长,跃,营,业,所
黄,山,市,社,屋,前,营,业,所
黄,山,市,寨,西,营,业,所
黄,山,市,汤,口,营,业,所
黄,山,市,永,佳,大,道,支,行
黄,山,市,徽,州,区,潜,口,镇,营,业,所
黄,山,市,徽,山,路,营,业,所
黄,山,区
黄,山,区,谭,家,桥,镇,营,业,所
黄,山,区,乌,石,营,业,所
黄,山,市,新,华,乡,营,业,所
黄,山,区,三,口,镇,营,业,所
黄,山,区,新,明,营,业,所
黄,山,区,和,平,营,业,所
黄,山,区,广,阳,营,业,所
黄,山,区,龙,门,营,业,所
黄,山,区,郭,村,营,业,所
黄,山,市,新,丰,乡,营,业,所
黄,山,区,永,丰,乡,营,业,所
黄,山,区,仙,源,镇,营,业,所
黄,山,市,太,平,路,营,业,所
黄,山,市,龙,井,路,营,业,所
黄,山,区,耿,城,镇,营,业,所
黄,山,市,寨,西,营,业,所
黄,山,市,汤,口,营,业,所
歙,县
歙,县,人,民,路,营,业,所
歙,县,王,村,镇,营,业,所
歙,县,溪,头,镇,营,业,所
歙,县,许,村,镇,营,业,所
歙,县,街,口,营,业,所
歙,县,岔,口,镇,营,业,所
歙,县,深,渡,镇,营,业,所
歙,县,北,岸,镇,营,业,所
歙,县,杞,梓,里,镇,营,业,所
歙,县,三,阳,乡,营,业,所
歙,县,霞,坑,镇,营,业,所
歙,县,武,阳,营,业,所
歙,县,昌,溪,营,业,所
歙,县,东,门,营,业,所
歙,县,唐,里,营,业,所
歙,县,北,街,营,业,所
歙,县,璜,田,营,业,所
歙,县,富,堨,镇,营,业,所
歙,县,上,丰,营,业,所
歙,县,长,陔,营,业,所
黄,山,市,永,佳,大,道,营,业,所
黄,山,市,徽,州,区,潜,口,镇,营,业,所, 
休,宁,县
休,宁,县,东,临,溪,镇,营,业,所
休,宁,县,齐,云,山,镇,营,业,所
休,宁,县,溪,口,镇,营,业,所
休,宁,县,五,城,镇,营,业,所
休,宁,县,兰,田,镇,营,业,所
休,宁,县,鹤,城,营,业,所
休,宁,县,渭,桥,营,业,所
休,宁,县,流,口,镇,营,业,所
休,宁,县,城,北,营,业,所
休,宁,县,万,安,镇,营,业,所
休,宁,县,新,城,营,业,所
黟,县
黟,县,北,街,营,业,所
黟,县,宏,村,镇,营,业,所
黟,县,渔,亭,镇,营,业,所
黟,县,洪,星,营,业,所
黟,县,西,递,镇,营,业,所
黟,县,马,道,路,营,业,所
祁,门,县
祁,门,县,平,里,镇,营,业,所
祁,门,县,凫,峰,乡,营,业,所
祁,门,县,闪,里,镇,营,业,所
祁,门,县,历,口,镇,营,业,所
祁,门,县,北,门,营,业,所
祁,门,县,安,凌,镇,营,业,所
祁,门,县,新,兴,路,营,业,所
祁,门,县,小,路,口,镇,营,业,所
滁,州
滁,州,市
滁,州,市,凤,阳,路,营,业,所
滁,州,市,凤,凰,路,营,业,所
滁,州,市,乌,衣,镇,营,业,所
滁,州,市,沙,河,镇,营,业,所
滁,州,市,南,大,桥,营,业,所
滁,州,市,珠,龙,镇,营,业,所
滁,州,市,章,广,镇,营,业,所
滁,州,市,丰,乐,路,营,业,所
滁,州,市,黄,泥,镇,营,业,所
滁,州,市,施,集,镇,营,业,所
滁,州,市,定,远,路,营,业,所
滁,州,市,腰,铺,镇,营,业,所
来,安,县
来,安,县,鼓,楼,营,业,所
来,安,县,开,发,区,营,业,所
来,安,县,二,里,桥,营,业,所
来,安,县,东,门,营,业,所
来,安,县,西,门,营,业,所
来,安,县,水,口,镇,营,业,所
来,安,县,半,塔,镇,支,行
来,安,县,汊,河,镇,营,业,所
来,安,县,大,英,镇,营,业,所
全,椒,县
全,椒,县,二,郎,口,镇,营,业,所
全,椒,县,新,华,路,营,业,所
全,椒,县,儒,林,路,营,业,所
全,椒,县,古,河,镇,营,业,所
全,椒,县,小,集,营,业,所
全,椒,县,马,厂,镇,营,业,所
全,椒,县,十,字,镇,营,业,所
全,椒,县,石,沛,镇,营,业,所
全,椒,县,城,东,营,业,所
全,椒,县,武,岗,镇,营,业,所
全,椒,县,襄,水,西,路,营,业,所
定,远,县
定,远,县,定,城,镇,营,业,所
定,远,县,定,滁,路,营,业,所
定,远,县,南,环,路,营,业,所
定,远,县,东,大,街,营,业,所
定,远,县,炉,桥,镇,营,业,所
定,远,县,池,河,镇,营,业,所
定,远,县,张,桥,镇,营,业,所
定,远,县,吴,圩,镇,营,业,所
定,远,县,仓,镇,营,业,所
定,远,县,永,康,镇,营,业,所
定,远,县,迎,宾,路,营,业,所
凤,阳,县
凤,阳,县,中,都,营,业,所
凤,阳,县,刘,府,镇,营,业,所
凤,阳,县,临,淮,关,镇,营,业,所
凤,阳,县,武,店,镇,营,业,所
凤,阳,县,总,铺,镇,营,业,所
凤,阳,县,李,二,庄,营,业,所
凤,阳,县,大,庙,镇,营,业,所
凤,阳,县,小,溪,河,镇,营,业,所
凤,阳,县,红,心,镇,营,业,所
天,长,市
天,长,市,铜,城,营,业,所
天,长,市,汊,涧,镇,营,业,所
天,长,市,南,市,区,营,业,所
天,长,市,秦,栏,镇,支,行
天,长,市,杨,村,镇,营,业,所
天,长,市,石,梁,镇,营,业,所
天,长,市,大,通,镇,营,业,所
天,长,市,北,门,营,业,所
天,长,市,关,塘,营,业,所
天,长,市,仁,和,镇,营,业,所
天,长,市,新,大,楼,营,业,所
天,长,市,东,门,营,业,所
明,光,市
明,光,市,三,界,镇,营,业,所
明,光,市,涧,溪,镇,营,业,所
明,光,市,张,八,岭,镇,营,业,所
明,光,市,管,店,镇,营,业,所
明,光,市,石,坝,镇,营,业,所
明,光,市,女,山,湖,镇,营,业,所
明,光,市,桥,头,镇,营,业,所
明,光,市,古,沛,镇,营,业,所
明,光,市,潘,村,镇,新,大,街,营,业,所, 
明,光,市,嘉,山,集,营,业,所
明,光,市,四,马,路,营,业,所
明,光,市,自,来,桥,镇,营,业,所
明,光,市,韩,山,路,营,业,所
明,光,市,苏,巷,镇,营,业,所
阜,阳
阜,阳,市
阜,阳,市,鼓,楼,营,业,所
阜,阳,市,三,里,营,业,所
阜,阳,市,颖,上,路,营,业,所
阜,阳,市,三,十,铺,营,业,所
阜,阳,市,马,寨,乡,营,业,所
阜,阳,市,口,孜,镇,营,业,所
阜,阳,市,乌,江,营,业,所
阜,阳,市,闸,东,营,业,所
阜,阳,市,文,峰,营,业,所
阜,阳,市,西,苑,营,业,所
阜,阳,市,西,郊,营,业,所
阜,阳,市,小,隅,首,营,业,所
阜,阳,市,桂,花,苑,营,业,所
阜,阳,市,清,河,营,业,所
阜,阳,市,泉,北,营,业,所
阜,阳,市,永,昌,营,业,所
阜,阳,市,客,运,南,站,营,业,所
阜,阳,市,北,京,路,营,业,所
阜,阳,市,西,湖,镇,营,业,所
阜,阳,市,伍,明,镇,营,业,所
阜,阳,市,闻,集,镇,营,业,所
阜,阳,市,行,流,镇,营,业,所
阜,阳,市,苏,集,乡,营,业,所
阜,阳,市,宁,老,庄,镇,营,业,所
阜,阳,市,王,店,镇,营,业,所
阜,阳,市,程,集,镇,营,业,所
阜,阳,市,袁,寨,镇,营,业,所
阜,阳,市,姜,堂,营,业,所
阜,阳,市,苏,屯,乡,营,业,所
阜,阳,市,港,利,营,业,所
阜,阳,市,皖,西,北,商,贸,城,营,业,所, 
阜,阳,市,开,发,区,营,业,所
阜,阳,市,三,塔,集,镇,营,业,所
临,泉,县
临,泉,县,长,官,镇,营,业,所
临,泉,县,宋,集,镇,营,业,所
临,泉,县,张,集,镇,营,业,所
临,泉,县,艾,亭,镇,营,业,所
临,泉,县,杨,桥,镇,营,业,所
临,泉,县,老,集,镇,营,业,所
临,泉,县,滑,集,镇,营,业,所
临,泉,县,吕,寨,镇,营,业,所
临,泉,县,迎,仙,镇,营,业,所
临,泉,县,姜,寨,镇,营,业,所
临,泉,县,黄,岭,镇,营,业,所
临,泉,县,鲖,城,镇,营,业,所
临,泉,县,鸿,雁,营,业,所
临,泉,县,邢,塘,营,业,所
临,泉,县,周,桥,营,业,所
临,泉,县,韦,寨,镇,营,业,所
临,泉,县,庞,营,营,业,所
临,泉,县,瓦,店,镇,营,业,所
临,泉,县,谭,棚,镇,营,业,所
临,泉,县,白,庙,镇,营,业,所
临,泉,县,高,塘,营,业,所
临,泉,县,花,园,营,业,所
临,泉,县,城,南,营,业,所
临,泉,县,鲖,阳,路,营,业,所
临,泉,县,城,北,营,业,所
临,泉,县,关,庙,营,业,所
临,泉,县,东,城,营,业,所
太,和,县
太,和,县,镜,湖,营,业,所
太,和,县,南,大,街,营,业,所
太,和,县,城,北,营,业,所
太,和,县,车,站,营,业,所
太,和,县,团,结,路,营,业,所
太,和,县,沙,河,路,营,业,所
太,和,县,李,兴,镇,营,业,所
太,和,县,税,镇,镇,营,业,所
太,和,县,原,墙,镇,营,业,所
太,和,县,三,塔,镇,营,业,所
太,和,县,苗,集,镇,营,业,所
太,和,县,宫,集,镇,营,业,所
太,和,县,坟,台,镇,营,业,所
太,和,县,清,浅,镇,营,业,所
太,和,县,三,堂,镇,营,业,所
太,和,县,桑,郢,镇,营,业,所
太,和,县,五,星,镇,营,业,所
太,和,县,旧,县,营,业,所
太,和,县,高,庙,镇,营,业,所
太,和,县,阮,桥,镇,营,业,所
太,和,县,关,集,镇,营,业,所
太,和,县,双,浮,镇,营,业,所
太,和,县,洪,山,镇,营,业,所
太,和,县,赵,庙,镇,营,业,所
太,和,县,肖,口,镇,营,业,所
太,和,县,大,新,镇,营,业,所
太,和,县,皮,条,孙,镇,营,业,所
太,和,县,蔡,庙,镇,营,业,所
太,和,县,宋,集,营,业,所
太,和,县,长,春,营,业,所
太,和,县,胡,总,营,业,所
阜,南,县
阜,南,县,淮,河,东,路,营,业,所
阜,南,县,淮,河,西,路,营,业,所
阜,南,县,城,郊,营,业,所
阜,南,县,城,北,营,业,所
阜,南,县,焦,阳,路,营,业,所
阜,南,县,黄,岗,镇,营,业,所
阜,南,县,柴,集,镇,营,业,所
阜,南,县,朱,寨,镇,营,业,所
阜,南,县,三,塔,镇,营,业,所
阜,南,县,焦,陂,镇,营,业,所
阜,南,县,中,岗,镇,营,业,所
阜,南,县,段,郢,乡,营,业,所
阜,南,县,曹,集,镇,营,业,所
阜,南,县,许,堂,乡,营,业,所
阜,南,县,赵,集,镇,营,业,所
阜,南,县,苗,集,镇,营,业,所
阜,南,县,地,城,镇,营,业,所
阜,南,县,于,集,营,业,所
阜,南,县,会,龙,营,业,所
阜,南,县,公,桥,营,业,所
阜,南,县,洪,河,桥,镇,营,业,所
阜,南,县,新,村,镇,营,业,所
颍,上,县
颍,上,县,青,年,营,业,所
颍,上,县,杨,湖,镇,营,业,所
颍,上,县,城,南,营,业,所
颍,上,县,江,口,镇,营,业,所
颍,上,县,半,岗,镇,营,业,所
颍,上,县,润,河,镇,营,业,所
颍,上,县,新,集,镇,营,业,所
颍,上,县,陈,桥,镇,营,业,所
颍,上,县,六,十,铺,镇,营,业,所
颍,上,县,盛,堂,乡,营,业,所
颍,上,县,南,照,镇,营,业,所
颍,上,县,红,星,镇,营,业,所
颍,上,县,刘,集,镇,营,业,所
颍,上,县,夏,桥,镇,营,业,所
颍,上,县,十,八,铺,镇,营,业,所
颍,上,县,建,颍,乡,营,业,所
颍,上,县,黄,桥,镇,营,业,所
颍,上,县,耿,棚,镇,营,业,所
颍,上,县,江,店,镇,营,业,所
颍,上,县,王,岗,镇,营,业,所
颍,上,县,营,业,大,楼,营,业,所
颍,上,县,管,仲,营,业,所
界,首,市
界,首,市,人,民,西,路,营,业,所
界,首,市,宝,兰,营,业,所
界,首,市,田,营,镇,营,业,所, , 
界,首,市,光,武,广,场,营,业,所
界,首,市,河,南,营,业,所
界,首,市,东,城,营,业,所
界,首,市,陶,庙,镇,营,业,所
界,首,市,泉,阳,镇,营,业,所
界,首,市,砖,集,镇,营,业,所
界,首,市,张,大,桥,营,业,所
界,首,市,王,集,镇,营,业,所
界,首,市,光,武,镇,营,业,所
界,首,市,顾,集,镇,营,业,所
界,首,市,舒,庄,镇,营,业,所
界,首,市,代,桥,镇,营,业,所
界,首,市,中,原,路,营,业,所
宿,州
宿,州,市
宿,州,市,沱,河,营,业,所
宿,州,市,汴,河,西,路,营,业,所
宿,州,市,东,仙,桥,营,业,所
宿,州,市,淮,海,路,营,业,所
宿,州,市,三,八,路,营,业,所
宿,州,市,银,河,绿,苑,营,业,所
宿,州,市,道,东,营,业,所
宿,州,市,纺,织,路,营,业,所
宿,州,市,桃,园,镇,营,业,所
宿,州,市,怀,远,路,营,业,所
宿,州,市,浍,水,东,路,营,业,所
宿,州,市,朱,仙,庄,镇,营,业,所
宿,州,市,时,村,一,所,营,业,所
宿,州,市,大,店,镇,营,业,所
宿,州,市,时,村,二,所,营,业,所
宿,州,市,符,离,镇,黄,山,路,营,业,所, 
宿,州,市,符,离,镇,中,华,路,营,业,所, 
宿,州,市,褚,兰,镇,营,业,所
宿,州,市,解,集,乡,营,业,所
宿,州,市,灰,古,镇,营,业,所
宿,州,市,大,营,镇,营,业,所
宿,州,市,西,寺,坡,镇,营,业,所
宿,州,市,夹,沟,镇,营,业,所
宿,州,市,永,安,镇,营,业,所
宿,州,市,苗,安,乡,营,业,所
宿,州,市,芦,岭,镇,营,业,所
宿,州,市,浍,水,西,路,营,业,所
宿,州,市,支,河,营,业,所
宿,州,市,祁,东,新,村,营,业,所
宿,州,市,蒿,沟,营,业,所
宿,州,市,美,庐,花,园,营,业,所
砀,山,县
砀,山,县,人,民,东,路,营,业,所
砀,山,县,葛,集,镇,营,业,所
砀,山,县,园,艺,场,营,业,所
砀,山,县,程,庄,镇,营,业,所
砀,山,县,曹,庄,镇,营,业,所
砀,山,县,良,梨,镇,营,业,所
砀,山,县,唐,寨,镇,营,业,所
砀,山,县,振,兴,营,业,所
砀,山,县,范,庄,营,业,所
砀,山,县,意,发,营,业,所
砀,山,县,关,帝,庙,镇,营,业,所
砀,山,县,周,寨,镇,营,业,所
砀,山,县,刘,集,营,业,所
砀,山,县,官,庄,镇,营,业,所
砀,山,县,小,屯,营,业,所
砀,山,县,果,园,场,营,业,所
砀,山,县,玄,庙,镇,营,业,所
砀,山,县,文,庄,营,业,所
砀,山,县,刘,庄,营,业,所
砀,山,县,朱,楼,镇,营,业,所
砀,山,县,陈,庄,营,业,所
砀,山,县,东,升,路,营,业,所
萧,县
萧,县,杨,楼,镇,营,业,所
萧,县,马,井,镇,营,业,所
萧,县,赵,庄,镇,营,业,所
萧,县,张,庄,寨,镇,营,业,所
萧,县,王,寨,镇,营,业,所
萧,县,白,土,镇,营,业,所
萧,县,大,庄,营,业,所
萧,县,朱,庄,营,业,所
萧,县,大,屯,镇,营,业,所
萧,县,圣,泉,乡,营,业,所
萧,县,健,康,路,营,业,所
萧,县,刘,套,镇,营,业,所
萧,县,酒,店,乡,营,业,所
萧,县,城,南,营,业,所
萧,县,青,龙,集,镇,营,业,所
萧,县,国,防,路,营,业,所
萧,县,杜,楼,镇,营,业,所
萧,县,新,庄,镇,营,业,所
萧,县,庄,里,营,业,所
萧,县,萧,孙,路,营,业,所
萧,县,招,凤,路,营,业,所
灵,壁,县
灵,璧,县,灵,西,营,业,所
灵,璧,县,韦,集,镇,营,业,所
灵,璧,县,黄,湾,镇,营,业,所
灵,璧,县,娄,庄,镇,营,业,所
灵,璧,县,杨,疃,镇,营,业,所
灵,璧,县,尹,集,镇,营,业,所
灵,璧,县,尤,集,镇,营,业,所
灵,璧,县,夏,楼,镇,营,业,所
灵,璧,县,九,顶,镇,营,业,所
灵,璧,县,渔,沟,镇,营,业,所
灵,璧,县,高,楼,镇,营,业,所
灵,璧,县,浍,沟,镇,营,业,所
灵,璧,县,向,阳,营,业,所
灵,璧,县,朱,集,乡,营,业,所
灵,璧,县,大,路,乡,营,业,所
灵,璧,县,大,庙,乡,营,业,所
灵,璧,县,禅,堂,营,业,所
泗,县
泗,县,草,沟,镇,营,业,所
泗,县,黄,圩,镇,营,业,所
泗,县,屏,山,镇,营,业,所
泗,县,山,头,镇,营,业,所
泗,县,黑,塔,镇,营,业,所
泗,县,刘,圩,镇,营,业,所
泗,县,墩,集,镇,营,业,所
泗,县,丁,湖,镇,营,业,所
泗,县,南,关,营,业,所
泗,县,长,沟,镇,营,业,所
泗,县,瓦,坊,营,业,所
泗,县,杨,集,营,业,所
六,安
六,安,市
六,安,市,人,民,路,营,业,所
六,安,市,三,里,桥,营,业,所
六,安,市,七,里,站,营,业,所
六,安,市,皋,城,路,营,业,所
六,安,市,解,放,北,路,营,业,所
六,安,市,小,东,门,营,业,所
六,安,市,新,安,镇,营,业,所
六,安,市,徐,集,营,业,所
六,安,市,东,河,口,镇,营,业,所
六,安,市,丁,集,镇,营,业,所
六,安,市,独,山,营,业,所
六,安,市,三,十,铺,营,业,所
六,安,市,双,河,营,业,所
六,安,市,孙,岗,镇,营,业,所
六,安,市,毛,坦,厂,镇,营,业,所
六,安,市,施,桥,镇,营,业,所
六,安,市,椿,树,营,业,所
六,安,市,分,路,口,营,业,所
六,安,市,固,镇,营,业,所
六,安,市,城,南,镇,营,业,所
六,安,市,江,店,镇,营,业,所
六,安,市,城,东,营,业,所
六,安,市,叶,集,城,关,营,业,所
六,安,市,龙,河,路,营,业,所
霍,邱,县
霍,邱,县,西,湖,路,营,业,所
霍,邱,县,光,明,路,营,业,所
霍,邱,县,马,店,营,业,所
霍,邱,县,姚,李,镇,营,业,所
霍,邱,县,长,集,镇,营,业,所
霍,邱,县,新,店,镇,营,业,所
霍,邱,县,潘,集,镇,营,业,所
霍,邱,县,孟,集,镇,营,业,所
霍,邱,县,高,塘,镇,营,业,所
霍,邱,县,岔,路,镇,营,业,所
霍,邱,县,河,口,营,业,所
霍,邱,县,户,胡,镇,营,业,所
霍,邱,县,城,南,营,业,所
霍,邱,县,蓼,城,路,营,业,所
霍,邱,县,石,店,镇,营,业,所
霍,邱,县,洪,集,镇,营,业,所
舒,城,县
舒,城,县,春,秋,路,营,业,所
舒,城,县,十,字,街,营,业,所
舒,城,县,城,西,营,业,所
舒,城,县,干,汊,河,营,业,所
舒,城,县,花,桥,路,营,业,所
舒,城,县,柏,林,乡,营,业,所
舒,城,县,桃,溪,营,业,所
舒,城,县,孔,集,营,业,所
舒,城,县,晓,天,镇,营,业,所
舒,城,县,高,峰,乡,营,业,所
舒,城,县,山,七,镇,营,业,所
舒,城,县,南,港,营,业,所
舒,城,县,西,衖,营,业,所
舒,城,县,舒,茶,营,业,所
舒,城,县,春,秋,乡,营,业,所
舒,城,县,千,人,桥,营,业,所
舒,城,县,杭,埠,镇,营,业,所
舒,城,县,百,神,庙,营,业,所
舒,城,县,张,母,桥,营,业,所
舒,城,县,棠,树,乡,营,业,所
舒,城,县,万,佛,湖,营,业,所
舒,城,县,阙,店,乡,营,业,所
舒,城,县,汤,池,镇,营,业,所
舒,城,县,河,棚,镇,营,业,所
舒,城,县,马,河,营,业,所
金,寨,县
金,寨,县,金,江,路,营,业,所
金,寨,县,江,店,营,业,所
金,寨,县,青,山,营,业,所
金,寨,县,古,碑,镇,营,业,所
金,寨,县,斑,竹,园,营,业,所
金,寨,县,南,溪,镇,营,业,所
金,寨,县,双,河,镇,营,业,所
金,寨,县,白,塔,畈,营,业,所
金,寨,县,金,顾,路,营,业,所
金,寨,县,吴,家,店,营,业,所
金,寨,县,汤,家,汇,镇,营,业,所
金,寨,县,关,庙,乡,营,业,所
金,寨,县,天,堂,寨,镇,营,业,所
霍,山,县
霍,山,县,古,城,营,业,所
霍,山,县,诸,佛,庵,营,业,所
霍,山,县,落,儿,岭,镇,营,业,所
霍,山,县,迎,驾,厂,营,业,所
霍,山,县,开,发,区,营,业,所
霍,山,县,佛,子,岭,营,业,所
霍,山,县,漫,水,河,镇,营,业,所
霍,山,县,磨,子,潭,镇,营,业,所
霍,山,县,大,化,坪,营,业,所
霍,山,县,下,符,桥,镇,营,业,所
霍,山,县,绿,色,商,城,营,业,所
霍,山,县,上,土,市,镇,营,业,所
霍,山,县,西,溪,营,业,所
霍,山,县,文,峰,营,业,所
亳,州
亳,州,市
亳,州,市,北,门,口,营,业,所
亳,州,市,凤,河,湾,营,业,所
亳,州,市,花,戏,楼,营,业,所
亳,州,市,南,关,营,业,所
亳,州,市,光,明,路,营,业,所
亳,州,市,汤,陵,营,业,所
亳,州,市,辛,集,营,业,所
亳,州,市,金,楼,营,业,所
亳,州,市,刘,庄,营,业,所
亳,州,市,交,易,中,心,营,业,所
亳,州,市,刘,元,营,业,所
亳,州,市,五,马,营,业,所
亳,州,市,谯,陵,营,业,所
亳,州,市,魏,武,营,业,所
亳,州,市,新,兴,营,业,所
亳,州,市,民,族,营,业,所
亳,州,市,古,井,镇,营,业,所
亳,州,市,十,九,里,镇,营,业,所
亳,州,市,十,河,镇,营,业,所
亳,州,市,张,集,镇,营,业,所
亳,州,市,魏,岗,镇,营,业,所
亳,州,市,沙,土,镇,营,业,所
亳,州,市,城,父,镇,营,业,所
亳,州,市,古,城,镇,营,业,所
亳,州,市,双,沟,镇,营,业,所
亳,州,市,十,八,里,镇,营,业,所
亳,州,市,小,奈,营,业,所
亳,州,市,赵,桥,营,业,所
亳,州,市,交,易,中,心,营,业,所
涡,阳,县
涡,阳,县,青,年,营,业,所
涡,阳,县,东,城,营,业,所
涡,阳,县,雉,河,楼,营,业,所
涡,阳,县,三,星,营,业,所
涡,阳,县,义,门,镇,营,业,所
涡,阳,县,文,昌,营,业,所
涡,阳,县,城,东,营,业,所
涡,阳,县,健,康,营,业,所
涡,阳,县,店,集,镇,营,业,所
涡,阳,县,双,庙,镇,营,业,所
涡,阳,县,标,里,营,业,所
涡,阳,县,青,町,镇,营,业,所
涡,阳,县,临,湖,镇,营,业,所
涡,阳,县,新,兴,镇,营,业,所
涡,阳,县,高,炉,镇,营,业,所
涡,阳,县,绿,缘,营,业,所
涡,阳,县,鸿,雁,营,业,所
涡,阳,县,单,集,营,业,所
涡,阳,县,曹,市,镇,营,业,所
涡,阳,县,牌,坊,镇,营,业,所
涡,阳,县,丹,城,镇,营,业,所
涡,阳,县,城,西,营,业,所
涡,阳,县,石,弓,镇,营,业,所
涡,阳,县,龙,山,镇,营,业,所
涡,阳,县,花,沟,镇,营,业,所
涡,阳,县,西,阳,镇,营,业,所
涡,阳,县,楚,店,镇,营,业,所
蒙,城,县
蒙,城,县,新,城,营,业,所
蒙,城,县,鸿,兴,营,业,所
蒙,城,县,许,疃,镇,营,业,所
蒙,城,县,辛,集,营,业,所
蒙,城,县,淮,北,路,营,业,所
蒙,城,县,阜,蚌,路,营,业,所
蒙,城,县,闸,南,营,业,所
蒙,城,县,双,涧,镇,营,业,所
蒙,城,县,小,涧,镇,营,业,所
蒙,城,县,板,桥,镇,营,业,所
蒙,城,县,坛,城,镇,营,业,所
蒙,城,县,立,仓,镇,营,业,所
蒙,城,县,三,义,镇,营,业,所
蒙,城,县,乐,土,镇,营,业,所
蒙,城,县,楚,村,镇,营,业,所
蒙,城,县,范,集,镇,营,业,所
蒙,城,县,鸿,利,营,业,所
蒙,城,县,鸿,运,营,业,所
蒙,城,县,兴,涧,营,业,所
蒙,城,县,黄,山,营,业,所
利,辛,县
利,辛,县,向,阳,营,业,所
利,辛,县,淝,河,路,营,业,所
利,辛,县,人,民,中,路,营,业,所
利,辛,县,潘,楼,镇,营,业,所
利,辛,县,张,村,镇,营,业,所
利,辛,县,阚,町,镇,营,业,所
利,辛,县,王,市,镇,营,业,所
利,辛,县,展,沟,镇,营,业,所
利,辛,县,巩,店,镇,营,业,所
利,辛,县,王,人,镇,营,业,所
利,辛,县,望,疃,镇,营,业,所
利,辛,县,旧,城,镇,营,业,所
利,辛,县,孙,集,镇,营,业,所
利,辛,县,汝,集,镇,营,业,所
利,辛,县,张,集,镇,营,业,所
利,辛,县,永,兴,镇,营,业,所
利,辛,县,大,李,集,镇,营,业,所
利,辛,县,马,店,镇,营,业,所
利,辛,县,江,集,镇,营,业,所
利,辛,县,中,町,镇,营,业,所
利,辛,县,新,桥,营,业,所
利,辛,县,水,厂,营,业,所
池,州
池,州,市
池,州,市,观,前,营,业,所
池,州,市,潘,桥,营,业,所
池,州,市,百,牙,营,业,所
池,州,市,池,口,营,业,所
池,州,市,梅,龙,营,业,所
池,州,市,高,岭,营,业,所
池,州,市,牌,楼,镇,营,业,所
池,州,市,马,衙,营,业,所
池,州,市,解,放,营,业,所
池,州,市,刘,街,营,业,所
池,州,市,墩,上,营,业,所
池,州,市,牛,头,山,镇,营,业,所
池,州,市,茅,坦,营,业,所
池,州,市,齐,山,营,业,所
池,州,市,梅,村,镇,营,业,所
池,州,市,棠,溪,镇,营,业,所
池,州,市,杏,村,营,业,所
池,州,市,高,坦,营,业,所
池,州,市,涓,桥,镇,营,业,所
池,州,市,唐,田,镇,营,业,所
池,州,市,翠,微,路,营,业,所
池,州,市,九,华,山,营,业,所
池,州,市,翠,微,苑,营,业,所
东,至,县
东,至,县,张,溪,镇,营,业,所
东,至,县,大,渡,口,镇,营,业,所
东,至,县,东,流,镇,营,业,所
东,至,县,大,渡,口,镇,解,放,街,营,业,所, 
东,至,县,官,港,镇,营,业,所
东,至,县,昭,潭,镇,营,业,所
东,至,县,东,流,镇,菊,江,营,业,所, 
东,至,县,香,隅,镇,营,业,所
东,至,县,洋,湖,镇,营,业,所
东,至,县,泥,溪,镇,营,业,所
东,至,县,花,园,营,业,所
东,至,县,木,塔,营,业,所
东,至,县,查,桥,营,业,所
东,至,县,龙,泉,镇,营,业,所
东,至,县,利,安,营,业,所
东,至,县,西,湖,营,业,所
东,至,县,建,设,路,营,业,所
东,至,县,葛,公,镇,营,业,所
东,至,县,万,寿,巷,营,业,所
石,台,县
石,台,县,鸿,雁,营,业,所
石,台,县,大,演,营,业,所
石,台,县,七,都,镇,营,业,所
石,台,县,六,都,营,业,所
石,台,县,丁,香,镇,营,业,所
石,台,县,小,河,镇,营,业,所
石,台,县,占,大,营,业,所
青,阳,县
青,阳,县,蓉,城,镇,营,业,所
青,阳,县,木,镇,镇,营,业,所
青,阳,县,庙,前,镇,营,业,所
青,阳,县,杨,田,镇,营,业,所
青,阳,县,乔,木,乡,营,业,所
青,阳,县,酉,华,营,业,所
青,阳,县,杜,村,乡,营,业,所
青,阳,县,竹,阳,营,业,所
青,阳,县,丁,桥,镇,营,业,所
青,阳,县,庙,前,路,营,业,所
青,阳,县,新,河,镇,营,业,所
宣,城
宣,城,市
宣,城,市,水,阳,营,业,所
宣,城,市,周,王,营,业,所
宣,城,市,狸,桥,营,业,所
宣,城,市,双,桥,营,业,所
宣,城,市,杨,柳,营,业,所
宣,城,市,军,天,湖,营,业,所
宣,城,市,孙,埠,镇,营,业,所
宣,城,市,洪,林,镇,营,业,所
宣,城,市,寒,亭,营,业,所
宣,城,市,九,州,营,业,所
宣,城,市,西,林,路,营,业,所
宣,城,市,民,族,路,营,业,所
宣,城,市,凤,凰,桥,营,业,所
郎,溪,县
郎,溪,县,白,茅,岭,营,业,所
郎,溪,县,梅,渚,营,业,所
郎,溪,县,东,夏,镇,营,业,所
郎,溪,县,定,埠,营,业,所
郎,溪,县,中,港,路,营,业,所
郎,溪,县,涛,城,镇,营,业,所
郎,溪,县,凌,笪,营,业,所
郎,溪,县,新,发,营,业,所
广,德,县
广,德,县,商,城,营,业,所
广,德,县,卢,村,营,业,所
广,德,县,柏,垫,镇,营,业,所
广,德,县,誓,节,营,业,所
广,德,县,邱,村,营,业,所
广,德,县,独,山,营,业,所
广,德,县,流,洞,营,业,所
广,德,县,花,园,营,业,所
广,德,县,新,杭,营,业,所
广,德,县,四,合,营,业,所
泾,县
泾,县,包,合,营,业,所
泾,县,晏,公,营,业,所
泾,县,厚,岸,营,业,所
泾,县,蔡,村,营,业,所
泾,县,云,岭,营,业,所
泾,县,茂,林,镇,营,业,所
泾,县,榔,桥,营,业,所
泾,县,章,渡,营,业,所
泾,县,桃,花,潭,镇,营,业,所
泾,县,琴,溪,营,业,所
泾,县,孤,峰,营,业,所
泾,县,丁,家,桥,营,业,所
泾,县,太,平,湖,营,业,所
泾,县,绿,宝,商,业,街,营,业,所
绩,溪,县
绩,溪,县,西,街,营,业,所
绩,溪,县,长,安,镇,营,业,所
绩,溪,县,扬,溪,营,业,所
绩,溪,县,金,沙,营,业,所
绩,溪,县,家,朋,乡,营,业,所
绩,溪,县,伏,岭,镇,营,业,所
绩,溪,县,瀛,州,营,业,所
旌,德,县
旌,德,县,蔡,家,桥,营,业,所
旌,德,县,三,溪,镇,营,业,所
旌,德,县,俞,村,营,业,所
旌,德,县,和,平,路,营,业,所
旌,德,县,白,地,镇,营,业,所
旌,德,县,庙,首,镇,营,业,所
旌,德,县,孙,村,营,业,所
旌,德,县,城,西,营,业,所
宁,国,市
宁,国,市,港,口,镇,营,业,所
宁,国,市,山,门,镇,营,业,所
宁,国,市,梅,林,营,业,所
宁,国,市,方,塘,营,业,所
宁,国,市,仙,霞,营,业,所
宁,国,市,霞,西,营,业,所
宁,国,市,宁,墩,营,业,所
宁,国,市,胡,乐,营,业,所
宁,国,市,甲,路,营,业,所
宁,国,市,北,园,营,业,所
宁,国,市,河,沥,溪,营,业,所
宁,国,市,汪,溪,营,业,所
宁,国,市,西,津,营,业,所
宁,国,市,东,岸,路,营,业,所
